<application>
  <component name="CodeFoldingSettings">
    <option name="COLLAPSE_METHODS" value="true" />
  </component>
  <component name="EditorSettings">
    <option name="languageBreadcrumbsMap">
      <map>
        <entry key="CSS" value="true" />
        <entry key="HTML" value="true" />
        <entry key="Haml" value="true" />
        <entry key="JSON" value="true" />
        <entry key="JavaScript" value="true" />
        <entry key="Markdown" value="true" />
        <entry key="PHP" value="true" />
        <entry key="SQL" value="true" />
        <entry key="TypeScript" value="true" />
        <entry key="XHTML" value="true" />
        <entry key="XML" value="true" />
        <entry key="yaml" value="true" />
      </map>
    </option>
    <option name="USE_SOFT_WRAPS" value="MAIN_EDITOR" />
    <option name="SOFT_WRAP_FILE_MASKS" value="*.php" />
    <option name="SHOW_BREADCRUMBS_ABOVE" value="true" />
    <option name="ENABLE_RENDERED_DOC" value="true" />
    <option name="IS_WHEEL_FONTCHANGE_ENABLED" value="true" />
  </component>
  <component name="InlayHintsSettings">
    <option name="lastViewedProviderKeyId" value="docker.inlay.hints" />
  </component>
  <component name="PhpCodeFoldingSettings">
    <option name="COLLAPSE_METHOD_BODY" value="true" />
  </component>
  <component name="XmlEditorOptions">
    <option name="showCssInlineColorPreview" value="true" />
  </component>
</application>