<application>
  <component name="FileTypeManager" version="18">
    <extensionMap>
      <mapping pattern="config2" type="AUTO_DETECTED" />
      <mapping pattern="aaa" type="AUTO_DETECTED" />
      <mapping pattern="INFO" type="AUTO_DETECTED" />
      <mapping pattern="LICENSE" type="AUTO_DETECTED" />
      <mapping pattern="Makfefile" type="AUTO_DETECTED" />
      <mapping pattern="aa" type="AUTO_DETECTED" />
      <mapping pattern="junk" type="AUTO_DETECTED" />
      <mapping pattern="config" type="AUTO_DETECTED" />
      <mapping pattern=".gitkeep" type="PLAIN_TEXT" />
      <mapping pattern="VERSION" type="PLAIN_TEXT" />
      <mapping ext="md" type="PLAIN_TEXT" />
      <mapping ext="sock" type="PLAIN_TEXT" />
      <mapping ext="dist" type="PLAIN_TEXT" />
      <mapping ext="awk" type="PLAIN_TEXT" />
      <mapping ext="0" type="PLAIN_TEXT" />
      <mapping ext="log" type="PLAIN_TEXT" />
      <mapping ext="md " type="PLAIN_TEXT" />
      <removed_mapping ext="bash" approved="true" type="Shell Script" />
      <removed_mapping ext="ignore" approved="true" type="IgnoreLang file" />
      <removed_mapping ext="log" approved="true" type="Log" />
      <removed_mapping ext="md" approved="true" type="Markdown" />
      <removed_mapping ext="sh" approved="true" type="Shell Script" />
      <removed_mapping ext="zsh" approved="true" type="Shell Script" />
    </extensionMap>
  </component>
</application>