<application>
  <component name="FindSettings">
    <option name="customScope" value="Project Files" />
    <option name="defaultScopeName" value="Project Files" />
    <option name="searchOverloadedMethods" value="true" />
    <option name="SEARCH_OVERLOADED_METHODS" value="true" />
    <option name="SEARCH_SCOPE" value="Project Files" />
    <mask>*.png;*.icon;*.ico;*.gpeg</mask>
    <mask>*.mk</mask>
    <mask>*.css</mask>
    <mask>*.html</mask>
    <mask>*.xml</mask>
    <mask>*.php4</mask>
    <mask>*.phtml</mask>
    <mask>*.php5</mask>
    <mask>*.ctp</mask>
    <mask>*.hphp</mask>
    <mask>*.module</mask>
    <mask>*.inc</mask>
    <mask>composer.json</mask>
    <mask>*.php,*.twig</mask>
    <mask>*.twig,*.php</mask>
    <mask>*.js</mask>
    <mask>*.twig</mask>
    <mask>*.yaml</mask>
    <mask>*.php</mask>
  </component>
</application>