<application>
  <component name="GitToolBoxAppSettings2">
    <option name="autoFetchEnabled" value="false" />
    <option name="autoFetchOnBranchSwitch" value="false" />
    <option name="decorationParts">
      <list>
        <DecorationPartConfig>
          <option name="type" value="STATUS" />
        </DecorationPartConfig>
        <DecorationPartConfig>
          <option name="type" value="BRANCH" />
        </DecorationPartConfig>
        <DecorationPartConfig>
          <option name="prefix" value="/ " />
          <option name="type" value="CHANGED_COUNT" />
        </DecorationPartConfig>
        <DecorationPartConfig>
          <option name="postfix" value=")" />
          <option name="prefix" value="(" />
          <option name="type" value="TAGS_ON_HEAD" />
        </DecorationPartConfig>
      </list>
    </option>
    <option name="version" value="6" />
  </component>
</application>