<application>
  <component name="LanguageInjectionConfiguration">
    <injection language="JavaScript" injector-id="js">
      <display-name>React JSX in JS strings</display-name>
      <place disabled="true"><![CDATA[isReactJSXLikeText()]]></place>
    </injection>
    <injection language="JSON" injector-id="sql">
      <display-name>Oracle JSON</display-name>
      <place disabled="true"><![CDATA[sqlElement().forDialects("Oracle").functionArgument(0, -1, 1, sqlFunctionCall().name("json_array"))]]></place>
      <place disabled="true"><![CDATA[sqlElement().forDialects("Oracle").functionArgument(0, sqlFunctionCall().name("json_query", "json_value", "json_array_agg"))]]></place>
      <place disabled="true"><![CDATA[sqlElement().forDialects("Oracle").functionArgument(0, sqlFunctionCall().name("json_table"))]]></place>
      <place disabled="true"><![CDATA[sqlElement().forDialects("Oracle").functionArgument(1, -1, 2, sqlFunctionCall().name("json_object"))]]></place>
      <place disabled="true"><![CDATA[sqlElement().forDialects("Oracle").functionArgument(1, sqlFunctionCall().name("json_object_agg"))]]></place>
    </injection>
    <injection language="RegExp" injector-id="sql">
      <display-name>Oracle RegExp</display-name>
      <place disabled="true"><![CDATA[sqlElement().forDialects("Oracle").functionArgument(1, sqlFunctionCall().name("regexp_count").params(sqlExpressions().count(2, 4)))]]></place>
      <place disabled="true"><![CDATA[sqlElement().forDialects("Oracle").functionArgument(1, sqlFunctionCall().name("regexp_instr").params(sqlExpressions().count(2, 7)))]]></place>
      <place disabled="true"><![CDATA[sqlElement().forDialects("Oracle").functionArgument(1, sqlFunctionCall().name("regexp_like").params(sqlExpressions().count(2, 3)))]]></place>
      <place disabled="true"><![CDATA[sqlElement().forDialects("Oracle").functionArgument(1, sqlFunctionCall().name("regexp_replace", "regexp_substr").params(sqlExpressions().count(2, 6)))]]></place>
    </injection>
    <injection language="XML" injector-id="sql">
      <display-name>Oracle XML</display-name>
      <place disabled="true"><![CDATA[sqlElement().forDialects("Oracle").functionArgument(0, sqlFunctionCall().name("xmlparse", "xmltype").params(sqlExpressions().count(1)))]]></place>
      <place disabled="true"><![CDATA[sqlElement().forDialects("Oracle").functionArgument(0, sqlFunctionCall().name("xmlserialize"))]]></place>
    </injection>
    <injection language="XPath2" injector-id="sql">
      <display-name>Oracle XPath</display-name>
      <place disabled="true"><![CDATA[sqlElement().forDialects("Oracle").functionArgument(0, sqlFunctionCall().name("xmlquery", "xmlexists"))]]></place>
      <place disabled="true"><![CDATA[sqlElement().forDialects("Oracle").functionArgument(0, sqlFunctionCall().name("xmltable"))]]></place>
      <place disabled="true"><![CDATA[sqlElement().forDialects("Oracle").functionArgument(1, -2, 2, sqlFunctionCall().name("updatexml"))]]></place>
      <place disabled="true"><![CDATA[sqlElement().forDialects("Oracle").functionArgument(1, sqlFunctionCall().name("appendchildxml", "insertxmlafter", "insertxmlbefore").params(sqlExpressions().count(3, 4)))]]></place>
      <place disabled="true"><![CDATA[sqlElement().forDialects("Oracle").functionArgument(1, sqlFunctionCall().name("extract", "extractvalue", "deletexml", "existsnode").params(sqlExpressions().count(2, 3)))]]></place>
      <place disabled="true"><![CDATA[sqlElement().forDialects("Oracle").functionArgument(1, sqlFunctionCall().name("insertchildxml", "insertchildxmlafter", "insertchildxmlbefore").params(sqlExpressions().count(4, 5)))]]></place>
    </injection>
  </component>
</application>