<application>
  <component name="MaterialThemeConfig">
    <option name="compactMenus" value="true" />
    <option name="compactStatusBar" value="true" />
    <option name="compactTables" value="true" />
    <option name="contrastMode" value="true" />
    <option name="compactDropdowns" value="true" />
    <option name="isCompactMenus" value="true" />
    <option name="isCompactStatusBar" value="true" />
    <option name="isCompactTables" value="true" />
    <option name="isContrastMode" value="true" />
    <option name="isWizardShown" value="true" />
    <option name="pristineConfig" value="false" />
    <option name="showOverlays" value="false" />
    <option name="settingsSelectedTab" value="1" />
    <option name="accentColor" value="74a0f1" />
    <option name="selectedTheme" value="MOONLIGHT" />
    <option name="userId" value="-1cce6799:17db93f1169:-8000" />
  </component>
</application>