<application>
  <component name="NotificationConfiguration">
    <notification groupId="Inspection Results" displayType="TOOL_WINDOW" playSound="true" />
    <notification groupId="Material Theme Notifications" displayType="NONE" shouldLog="false" />
    <notification groupId="PHP" playSound="true" />
    <notification groupId="PHP Code Style" playSound="true" />
    <notification groupId="PHP Debugger" displayType="TOOL_WINDOW" shouldLog="false" playSound="true" />
    <notification groupId="PHP Doc Commenter" playSound="true" />
    <notification groupId="PHP External Quality Tools" displayType="NONE" shouldLog="false" />
    <notification groupId="Run 'composer install'" displayType="NONE" />
    <notification groupId="Vcs Important Messages" displayType="NONE" playSound="true" />
    <notification groupId="Vcs Notifications" playSound="true" />
    <notification groupId="Webpack" />
  </component>
</application>