<application>
  <component name="AppStorage">
    <option name="newTranslationDialogWidth" value="584" />
    <option name="newTranslationDialogX" value="633" />
    <option name="newTranslationDialogY" value="376" />
    <histories>
      <item value="Defleet" />
      <item value="weakly" />
      <item value="Superfluous" />
      <item value="Opening brace indented incorrectly; expected " />
      <item value="needle" />
      <item value="static Pneumatic State Frevo" />
      <item value="implode" />
      <item value="Warranty Fees" />
      <item value="private" />
      <item value="Flush" />
      <item value="Flush cache project" />
      <item value="lexik" />
      <item value="taggage" />
      <item value="dealer" />
      <item value="Sets the Content-Disposition header with the given filename." />
      <item value="purchase" />
      <item value="breadcrumb" />
      <item value="sheet" />
      <item value="restitution" />
      <item value="haystack" />
      <item value="offre" />
      <item value="restitutionœ" />
      <item value="restitution." />
      <item value="restitution.twig" />
      <item value="Veuillez entrer votre age" />
      <item value="Por favor, indique-nos um código Idate." />
      <item value="agreement" />
      <item value="Mapper" />
      <item value="Stock Mapper" />
      <item value="critter" />
      <item value="critters" />
      <item value="Stock Outlier" />
      <item value="dealers" />
      <item value="outlier" />
      <item value="subscription" />
      <item value="Renew Price" />
      <item value="total Cost Repair" />
      <item value="valuation" />
      <item value="carry" />
      <item value="Remove non-exist user" />
      <item value="Forfait de l’état possible du critère d’inspection&#10;" />
    </histories>
    <option name="languageScores">
      <map>
        <entry key="ENGLISH" value="73" />
        <entry key="ARABIC" value="12" />
        <entry key="FRENCH" value="73" />
        <entry key="CROATIAN" value="1" />
        <entry key="NORWEGIAN" value="1" />
        <entry key="PORTUGUESE" value="2" />
        <entry key="INDONESIAN" value="1" />
      </map>
    </option>
  </component>
  <component name="Cache">
    <option name="lastTrimTime" value="1657719763940" />
  </component>
  <component name="Settings">
    <option name="targetLanguageSelection" value="PRIMARY_LANGUAGE" />
    <option name="translateDocumentation" value="true" />
  </component>
</application>